Series Name,Series Code,Country Name,Country Code,1990 [YR1990],2000 [YR2000],2007 [YR2007],2008 [YR2008],2009 [YR2009],2010 [YR2010],2011 [YR2011],2012 [YR2012],2013 [YR2013],2014 [YR2014],2015 [YR2015],2016 [YR2016]
"Life expectancy at birth, female (years)",SP.DYN.LE00.FE.IN,Afghanistan,AFG,50.867,56.265,58.975,59.379,59.772,60.154,60.527,60.893,61.256,61.615,..,..
"Life expectancy at birth, female (years)",SP.DYN.LE00.FE.IN,Albania,ALB,74.989,77.42,79.692,79.799,79.891,79.979,80.072,80.175,80.288,80.415,..,..
"Life expectancy at birth, female (years)",SP.DYN.LE00.FE.IN,Algeria,DZA,68.266,71.973,75.088,75.432,75.767,76.091,76.401,76.693,76.965,77.219,..,..
"Life expectancy at birth, female (years)",SP.DYN.LE00.FE.IN,American Samoa,ASM,..,..,..,..,..,..,..,..,..,..,..,..
"Life expectancy at birth, female (years)",SP.DYN.LE00.FE.IN,Andorra,ADO,..,..,..,..,..,..,..,..,..,..,..,..
"Life expectancy at birth, female (years)",SP.DYN.LE00.FE.IN,Angola,AGO,43.203,46.621,50.875,51.301,51.72,52.138,52.558,52.976,53.392,53.805,..,..
"Life expectancy at birth, female (years)",SP.DYN.LE00.FE.IN,Antigua and Barbuda,ATG,73.79,75.947,77.272,77.45,77.624,77.796,77.964,78.129,78.292,78.452,..,..
"Life expectancy at birth, female (years)",SP.DYN.LE00.FE.IN,Argentina,ARG,75.191,77.544,78.934,79.103,79.27,79.434,79.595,79.754,79.909,80.06,..,..
"Life expectancy at birth, female (years)",SP.DYN.LE00.FE.IN,Armenia,ARM,70.78,74.717,77.244,77.473,77.694,77.908,78.109,78.291,78.452,78.594,..,..
"Life expectancy at birth, female (years)",SP.DYN.LE00.FE.IN,Aruba,ABW,75.932,76.257,76.994,77.144,77.29,77.43,77.564,77.694,77.821,77.946,..,..
"Life expectancy at birth, female (years)",SP.DYN.LE00.FE.IN,Australia,AUS,80.16,82,83.7,83.7,83.9,84,84.2,84.3,84.3,84.3,..,..
"Life expectancy at birth, female (years)",SP.DYN.LE00.FE.IN,Austria,AUT,79,81.2,83.1,83.3,83.2,83.5,83.8,83.6,83.8,84,..,..
"Life expectancy at birth, female (years)",SP.DYN.LE00.FE.IN,Azerbaijan,AZE,69.099,69.877,72.759,73.132,73.415,73.609,73.731,73.818,73.9,73.988,..,..
"Life expectancy at birth, female (years)",SP.DYN.LE00.FE.IN,"Bahamas, The",BHS,74.152,75.476,77.169,77.358,77.536,77.705,77.866,78.024,78.18,78.335,..,..
"Life expectancy at birth, female (years)",SP.DYN.LE00.FE.IN,Bahrain,BHR,73.652,75.503,76.6,76.75,76.9,77.049,77.198,77.347,77.493,77.638,..,..
"Life expectancy at birth, female (years)",SP.DYN.LE00.FE.IN,Bangladesh,BGD,58.793,65.706,69.764,70.25,70.722,71.181,71.629,72.067,72.495,72.911,..,..
"Life expectancy at birth, female (years)",SP.DYN.LE00.FE.IN,Barbados,BRB,73.505,75.592,76.775,76.947,77.119,77.29,77.459,77.627,77.793,77.957,..,..
"Life expectancy at birth, female (years)",SP.DYN.LE00.FE.IN,Belarus,BLR,75.6,74.7,76.15,76.5,76.4,76.5,76.7,77.6,77.9,78.2,..,..
"Life expectancy at birth, female (years)",SP.DYN.LE00.FE.IN,Belgium,BEL,79.54,81,82.6,82.6,82.8,83,83.3,83.1,83.2,83.2,..,..
"Life expectancy at birth, female (years)",SP.DYN.LE00.FE.IN,Belize,BLZ,73.584,71.364,72.266,72.378,72.472,72.552,72.629,72.713,72.815,72.936,..,..
"Life expectancy at birth, female (years)",SP.DYN.LE00.FE.IN,Benin,BEN,56.003,57.173,59.3,59.611,59.887,60.128,60.344,60.551,60.76,60.977,..,..
"Life expectancy at birth, female (years)",SP.DYN.LE00.FE.IN,Bermuda,BMU,..,80.6,81.7,81.9,82.1,82.08,85.03,85.55,84.46,84.69,..,..
"Life expectancy at birth, female (years)",SP.DYN.LE00.FE.IN,Bhutan,BTN,52.344,60.739,66.583,67.178,67.704,68.169,68.588,68.979,69.358,69.734,..,..
"Life expectancy at birth, female (years)",SP.DYN.LE00.FE.IN,Bolivia,BOL,56.838,62.767,67.02,67.634,68.242,68.833,69.397,69.925,70.415,70.864,..,..
"Life expectancy at birth, female (years)",SP.DYN.LE00.FE.IN,Bosnia and Herzegovina,BIH,74.302,76.897,78.06,78.18,78.309,78.446,78.591,78.738,78.884,79.027,..,..
"Life expectancy at birth, female (years)",SP.DYN.LE00.FE.IN,Botswana,BWA,64.59,49.612,61.004,63.076,64.681,65.763,66.362,66.649,66.784,66.834,..,..
"Life expectancy at birth, female (years)",SP.DYN.LE00.FE.IN,Brazil,BRA,69.191,73.991,76.328,76.605,76.883,77.164,77.444,77.721,77.989,78.25,..,..
"Life expectancy at birth, female (years)",SP.DYN.LE00.FE.IN,British Virgin Islands,VGB,..,..,..,..,..,..,..,..,..,..,..,..
"Life expectancy at birth, female (years)",SP.DYN.LE00.FE.IN,Brunei Darussalam,BRN,74.639,76.935,78.374,78.689,79.041,79.414,79.788,80.139,80.451,80.717,..,..
"Life expectancy at birth, female (years)",SP.DYN.LE00.FE.IN,Bulgaria,BGR,75.15,75.3,76.3,76.6,77.1,77.2,77.8,77.9,78.6,79.3,..,..
"Life expectancy at birth, female (years)",SP.DYN.LE00.FE.IN,Burkina Faso,BFA,50.516,51.63,56.394,57.15,57.807,58.358,58.813,59.21,59.579,59.934,..,..
"Life expectancy at birth, female (years)",SP.DYN.LE00.FE.IN,Burundi,BDI,49.738,53.208,55.196,55.654,56.148,56.669,57.201,57.73,58.242,58.728,..,..
"Life expectancy at birth, female (years)",SP.DYN.LE00.FE.IN,Cabo Verde,CPV,67.208,71.388,73.869,74.093,74.268,74.408,74.534,74.667,74.826,75.016,..,..
"Life expectancy at birth, female (years)",SP.DYN.LE00.FE.IN,Cambodia,KHM,55.922,60.624,66.89,67.546,68.114,68.605,69.041,69.455,69.87,70.3,..,..
"Life expectancy at birth, female (years)",SP.DYN.LE00.FE.IN,Cameroon,CMR,55.155,52.991,53.418,53.829,54.279,54.752,55.235,55.721,56.205,56.679,..,..
"Life expectancy at birth, female (years)",SP.DYN.LE00.FE.IN,Canada,CAN,80.65,81.9,82.97,83.12,83.36,83.6,83.521,83.686,83.842,83.989,..,..
"Life expectancy at birth, female (years)",SP.DYN.LE00.FE.IN,Cayman Islands,CYM,..,..,..,..,..,..,..,..,..,..,..,..
"Life expectancy at birth, female (years)",SP.DYN.LE00.FE.IN,Central African Republic,CAF,51.43,46.202,47.162,47.796,48.49,49.229,50.012,50.836,51.691,52.557,..,..
"Life expectancy at birth, female (years)",SP.DYN.LE00.FE.IN,Chad,TCD,48.106,48.646,49.39,49.809,50.289,50.804,51.321,51.815,52.263,52.656,..,..
"Life expectancy at birth, female (years)",SP.DYN.LE00.FE.IN,Channel Islands,CHI,78.285,79.971,81.582,81.774,81.945,82.095,82.227,82.349,82.465,82.581,..,..
"Life expectancy at birth, female (years)",SP.DYN.LE00.FE.IN,Chile,CHL,76.09,80.146,82.525,82.837,83.14,83.434,83.717,83.988,84.246,84.491,..,..
"Life expectancy at birth, female (years)",SP.DYN.LE00.FE.IN,China,CHN,70.731,73.454,75.939,76.189,76.409,76.607,76.791,76.971,77.154,77.346,..,..
"Life expectancy at birth, female (years)",SP.DYN.LE00.FE.IN,Colombia,COL,72.384,74.823,76.485,76.68,76.858,77.022,77.18,77.336,77.496,77.662,..,..
"Life expectancy at birth, female (years)",SP.DYN.LE00.FE.IN,Comoros,COM,58.266,61.06,62.357,62.714,63.095,63.489,63.882,64.264,64.626,64.964,..,..
"Life expectancy at birth, female (years)",SP.DYN.LE00.FE.IN,"Congo, Dem. Rep.",ZAR,50.464,51.478,56.538,57.194,57.804,58.36,58.863,59.321,59.745,60.142,..,..
"Life expectancy at birth, female (years)",SP.DYN.LE00.FE.IN,"Congo, Rep.",COG,56.563,51.687,56.985,58.201,59.39,60.503,61.506,62.398,63.183,63.859,..,..
"Life expectancy at birth, female (years)",SP.DYN.LE00.FE.IN,Costa Rica,CRI,78.339,79.83,80.774,80.926,81.087,81.254,81.424,81.593,81.757,81.914,..,..
"Life expectancy at birth, female (years)",SP.DYN.LE00.FE.IN,Cote d'Ivoire,CIV,54.752,47.292,49.605,50.087,50.539,50.951,51.327,51.689,52.05,52.417,..,..
"Life expectancy at birth, female (years)",SP.DYN.LE00.FE.IN,Croatia,HRV,75.93,76.68,79.25,79.6,79.6,79.6,79.9,80.1,80.2,80.3,..,..
"Life expectancy at birth, female (years)",SP.DYN.LE00.FE.IN,Cuba,CUB,76.584,78.648,80.52,80.75,80.933,81.072,81.181,81.279,81.382,81.498,..,..
"Life expectancy at birth, female (years)",SP.DYN.LE00.FE.IN,Curacao,CUW,..,..,79,79.1,80.1,..,80.7,..,..,81,..,..
"Life expectancy at birth, female (years)",SP.DYN.LE00.FE.IN,Cyprus,CYP,78.616,80.106,81.052,81.231,81.426,81.631,81.839,82.04,82.227,82.397,..,..
"Life expectancy at birth, female (years)",SP.DYN.LE00.FE.IN,Czech Republic,CZE,75.42,78.4,79.9,80.1,80.1,80.6,81.1,81.2,81.3,81.4,..,..
"Life expectancy at birth, female (years)",SP.DYN.LE00.FE.IN,Denmark,DNK,77.73,79,80.5,80.7,80.8,81.2,81.9,82.1,82.4,82.7,..,..
"Life expectancy at birth, female (years)",SP.DYN.LE00.FE.IN,Djibouti,DJI,58.273,58.613,60.327,60.841,61.384,61.928,62.444,62.914,63.326,63.674,..,..
"Life expectancy at birth, female (years)",SP.DYN.LE00.FE.IN,Dominica,DMA,..,..,..,..,..,..,..,..,..,..,..,..
"Life expectancy at birth, female (years)",SP.DYN.LE00.FE.IN,Dominican Republic,DOM,70.537,73.753,75.352,75.563,75.769,75.971,76.167,76.356,76.537,76.712,..,..
"Life expectancy at birth, female (years)",SP.DYN.LE00.FE.IN,Ecuador,ECU,71.521,76.066,77.497,77.636,77.78,77.936,78.106,78.289,78.483,78.687,..,..
"Life expectancy at birth, female (years)",SP.DYN.LE00.FE.IN,"Egypt, Arab Rep.",EGY,66.982,71.058,72.143,72.297,72.454,72.617,72.788,72.97,73.161,73.36,..,..
"Life expectancy at birth, female (years)",SP.DYN.LE00.FE.IN,El Salvador,SLV,68.944,73.335,75.486,75.794,76.097,76.391,76.674,76.942,77.196,77.435,..,..
"Life expectancy at birth, female (years)",SP.DYN.LE00.FE.IN,Equatorial Guinea,GNQ,49.826,53.489,55.742,56.233,56.75,57.273,57.777,58.244,58.663,59.031,..,..
"Life expectancy at birth, female (years)",SP.DYN.LE00.FE.IN,Eritrea,ERI,50.485,58.313,62.004,62.578,63.163,63.749,64.322,64.872,65.388,65.867,..,..
"Life expectancy at birth, female (years)",SP.DYN.LE00.FE.IN,Estonia,EST,74.7,76,78.5,79.2,80.1,80.5,81.3,81.5,81.7,81.9,..,..
"Life expectancy at birth, female (years)",SP.DYN.LE00.FE.IN,Ethiopia,ETH,48.651,53.344,59.941,61.046,62.084,63.034,63.888,64.661,65.366,66.008,..,..
"Life expectancy at birth, female (years)",SP.DYN.LE00.FE.IN,Faroe Islands,FRO,79.7,81.1,82.5,82.8,83,83.2,83.5,83.7,83.9,84.1,..,..
"Life expectancy at birth, female (years)",SP.DYN.LE00.FE.IN,Fiji,FJI,67.635,70.153,71.787,72.003,72.212,72.414,72.61,72.8,72.987,73.171,..,..
"Life expectancy at birth, female (years)",SP.DYN.LE00.FE.IN,Finland,FIN,78.88,81,82.9,83,83.1,83.2,83.8,83.7,84.1,84.1,..,..
"Life expectancy at birth, female (years)",SP.DYN.LE00.FE.IN,France,FRA,80.8,83,84.8,84.8,85,85.3,85.7,85.4,85.6,85.6,..,..
"Life expectancy at birth, female (years)",SP.DYN.LE00.FE.IN,French Polynesia,PYF,71.092,75.285,77.329,77.574,77.807,78.031,78.247,78.457,78.662,78.865,..,..
"Life expectancy at birth, female (years)",SP.DYN.LE00.FE.IN,Gabon,GAB,62.767,59.739,60.024,60.647,61.344,62.086,62.848,63.607,64.344,65.039,..,..
"Life expectancy at birth, female (years)",SP.DYN.LE00.FE.IN,"Gambia, The",GMB,53.537,56.77,59.79,60.11,60.398,60.659,60.901,61.137,61.374,61.617,..,..
"Life expectancy at birth, female (years)",SP.DYN.LE00.FE.IN,Georgia,GEO,73.922,75.361,77.137,77.341,77.536,77.722,77.897,78.061,78.214,78.359,..,..
"Life expectancy at birth, female (years)",SP.DYN.LE00.FE.IN,Germany,DEU,78.501,81,82.3,82.4,82.5,82.6,83.2,83.3,83.2,83.2,..,..
"Life expectancy at birth, female (years)",SP.DYN.LE00.FE.IN,Ghana,GHA,57.88,57.781,60.503,60.916,61.26,61.535,61.753,61.942,62.126,62.314,..,..
"Life expectancy at birth, female (years)",SP.DYN.LE00.FE.IN,Gibraltar,GIB,..,..,..,..,..,..,..,..,..,..,..,..
"Life expectancy at birth, female (years)",SP.DYN.LE00.FE.IN,Greece,GRC,79.5,80.5,82,82.5,82.8,83,83.6,83.4,84,84,..,..
"Life expectancy at birth, female (years)",SP.DYN.LE00.FE.IN,Greenland,GRL,68.92,69.76,72.18,72.8,72.87,73.29,73.69,73.65,..,..,..,..
"Life expectancy at birth, female (years)",SP.DYN.LE00.FE.IN,Grenada,GRD,70.784,72.641,74.291,74.538,74.784,75.024,75.254,75.469,75.669,75.852,..,..
"Life expectancy at birth, female (years)",SP.DYN.LE00.FE.IN,Guam,GUM,74.413,77.533,80.125,80.422,80.693,80.941,81.17,81.389,81.602,81.813,..,..
"Life expectancy at birth, female (years)",SP.DYN.LE00.FE.IN,Guatemala,GTM,65.224,71.388,73.711,73.934,74.158,74.389,74.626,74.866,75.103,75.338,..,..
"Life expectancy at birth, female (years)",SP.DYN.LE00.FE.IN,Guinea,GIN,50.891,51.268,54.567,55.404,56.201,56.933,57.587,58.178,58.721,59.219,..,..
"Life expectancy at birth, female (years)",SP.DYN.LE00.FE.IN,Guinea-Bissau,GNB,51.331,52.54,54.159,54.615,55.067,55.5,55.906,56.288,56.648,56.985,..,..
"Life expectancy at birth, female (years)",SP.DYN.LE00.FE.IN,Guyana,GUY,67.212,67.991,68.373,68.405,68.435,68.47,68.517,68.579,68.661,68.762,..,..
"Life expectancy at birth, female (years)",SP.DYN.LE00.FE.IN,Haiti,HTI,56.11,59.501,62.019,62.478,62.934,63.377,63.8,64.201,64.579,64.934,..,..
"Life expectancy at birth, female (years)",SP.DYN.LE00.FE.IN,Honduras,HND,69.018,72.964,74.369,74.561,74.749,74.936,75.125,75.316,75.511,75.71,..,..
"Life expectancy at birth, female (years)",SP.DYN.LE00.FE.IN,"Hong Kong SAR, China",HKG,80.3,83.9,85.4,85.5,85.9,86,86.7,86.4,86.7,86.9,..,..
"Life expectancy at birth, female (years)",SP.DYN.LE00.FE.IN,Hungary,HUN,73.7,75.6,77.3,77.8,77.9,78.1,78.7,78.7,79.1,79.1,..,..
"Life expectancy at birth, female (years)",SP.DYN.LE00.FE.IN,Iceland,ISL,80.71,81.6,83.4,83.3,83.8,84.1,84.1,84.3,83.7,83.7,..,..
"Life expectancy at birth, female (years)",SP.DYN.LE00.FE.IN,India,IND,58.291,63.486,66.29,66.752,67.231,67.718,68.199,68.66,69.092,69.492,..,..
"Life expectancy at birth, female (years)",SP.DYN.LE00.FE.IN,Indonesia,IDN,64.734,67.995,69.679,69.895,70.094,70.281,70.46,70.638,70.821,71.01,..,..
"Life expectancy at birth, female (years)",SP.DYN.LE00.FE.IN,"Iran, Islamic Rep.",IRN,66.261,71.116,74.388,74.79,75.165,75.509,75.816,76.087,76.324,76.531,..,..
"Life expectancy at birth, female (years)",SP.DYN.LE00.FE.IN,Iraq,IRQ,69.628,71.518,71.096,71.148,71.2,71.257,71.326,71.418,71.536,71.681,..,..
"Life expectancy at birth, female (years)",SP.DYN.LE00.FE.IN,Ireland,IRL,77.647,79.2,82.1,82.4,82.7,83.1,83,83.2,83.1,83.1,..,..
"Life expectancy at birth, female (years)",SP.DYN.LE00.FE.IN,Isle of Man,IMY,..,..,..,..,..,..,..,..,..,..,..,..
"Life expectancy at birth, female (years)",SP.DYN.LE00.FE.IN,Israel,ISR,78.4,80.9,82.4,83,83.3,83.6,83.5,83.6,83.9,84.1,..,..
"Life expectancy at birth, female (years)",SP.DYN.LE00.FE.IN,Italy,ITA,80.3,82.8,84.2,84.2,84.3,84.7,84.8,84.8,85.2,85.2,..,..
"Life expectancy at birth, female (years)",SP.DYN.LE00.FE.IN,Jamaica,JAM,74.264,75.162,76.685,76.929,77.165,77.389,77.596,77.785,77.956,78.11,..,..
"Life expectancy at birth, female (years)",SP.DYN.LE00.FE.IN,Japan,JPN,81.91,84.6,85.99,86.05,86.44,86.3,85.9,86.41,86.61,86.83,..,..
"Life expectancy at birth, female (years)",SP.DYN.LE00.FE.IN,Jordan,JOR,71.355,73.26,74.55,74.727,74.904,75.081,75.257,75.43,75.601,75.768,..,..
"Life expectancy at birth, female (years)",SP.DYN.LE00.FE.IN,Kazakhstan,KAZ,73.1,71.1,72.6,72.4,73.5,73.32,73.81,74.33,75.06,75.94,..,..
"Life expectancy at birth, female (years)",SP.DYN.LE00.FE.IN,Kenya,KEN,60.774,51.513,56.527,57.743,58.895,59.953,60.911,61.794,62.622,63.388,..,..
"Life expectancy at birth, female (years)",SP.DYN.LE00.FE.IN,Kiribati,KIR,63.214,66.967,68.099,68.224,68.357,68.504,68.669,68.848,69.039,69.241,..,..
"Life expectancy at birth, female (years)",SP.DYN.LE00.FE.IN,"Korea, Dem. People’s Rep.",PRK,72.859,68.97,71.938,72.043,72.211,72.448,72.741,73.056,73.364,73.658,..,..
"Life expectancy at birth, female (years)",SP.DYN.LE00.FE.IN,"Korea, Rep.",KOR,75.51,79.6,82.73,83.29,83.77,84.07,84.45,84.64,85.06,85.48,..,..
"Life expectancy at birth, female (years)",SP.DYN.LE00.FE.IN,Kosovo,KSV,69.9,70,71.4,71.6,71.8,72,72.3,72.7,73,73.3,..,..
"Life expectancy at birth, female (years)",SP.DYN.LE00.FE.IN,Kuwait,KWT,73.266,74.29,74.818,74.926,75.048,75.182,75.325,75.471,75.617,75.76,..,..
"Life expectancy at birth, female (years)",SP.DYN.LE00.FE.IN,Kyrgyz Republic,KGZ,72.6,72.4,72.3,72.6,73.2,73.5,73.7,74.1,74.3,74.5,..,..
"Life expectancy at birth, female (years)",SP.DYN.LE00.FE.IN,Lao PDR,LAO,54.872,60.297,64.223,64.739,65.235,65.714,66.179,66.634,67.084,67.53,..,..
"Life expectancy at birth, female (years)",SP.DYN.LE00.FE.IN,Latvia,LVA,74.6,76,76.5,77.9,78.1,78.4,78.8,78.9,78.9,78.9,..,..
"Life expectancy at birth, female (years)",SP.DYN.LE00.FE.IN,Lebanon,LBN,71.811,76.124,79.51,79.843,80.131,80.382,80.607,80.821,81.036,81.259,..,..
"Life expectancy at birth, female (years)",SP.DYN.LE00.FE.IN,Lesotho,LSO,60.755,47.646,45.062,45.96,46.883,47.739,48.461,49.046,49.501,49.823,..,..
"Life expectancy at birth, female (years)",SP.DYN.LE00.FE.IN,Liberia,LBR,49.389,53.097,58.086,59.017,59.783,60.374,60.816,61.176,61.512,61.846,..,..
"Life expectancy at birth, female (years)",SP.DYN.LE00.FE.IN,Libya,LBY,70.377,72.314,74.169,74.333,74.429,74.472,74.486,74.503,74.548,74.63,..,..
"Life expectancy at birth, female (years)",SP.DYN.LE00.FE.IN,Liechtenstein,LIE,..,79.9,83.6,85.5,83.6,84.3,84.2,85.2,83.9,83.9,..,..
"Life expectancy at birth, female (years)",SP.DYN.LE00.FE.IN,Lithuania,LTU,76.17,77.5,77.2,77.6,78.6,78.8,79.3,79.6,79.6,79.6,..,..
"Life expectancy at birth, female (years)",SP.DYN.LE00.FE.IN,Luxembourg,LUX,78.71,81.1,82.2,83.1,83.3,83.5,83.6,83.8,83.9,84,..,..
"Life expectancy at birth, female (years)",SP.DYN.LE00.FE.IN,"Macao SAR, China",MAC,77.63,80.045,81.503,81.696,81.884,82.068,82.248,82.426,82.601,82.775,..,..
"Life expectancy at birth, female (years)",SP.DYN.LE00.FE.IN,"Macedonia, FYR",MKD,73.158,75.775,76.719,76.803,76.912,77.048,77.205,77.372,77.537,77.699,..,..
"Life expectancy at birth, female (years)",SP.DYN.LE00.FE.IN,Madagascar,MDG,52.243,59.699,63.481,63.942,64.402,64.864,65.323,65.773,66.211,66.635,..,..
"Life expectancy at birth, female (years)",SP.DYN.LE00.FE.IN,Malawi,MWI,44.983,44.125,52.143,54.07,55.991,57.834,59.545,61.109,62.516,63.745,..,..
"Life expectancy at birth, female (years)",SP.DYN.LE00.FE.IN,Malaysia,MYS,72.627,74.956,76.075,76.212,76.352,76.498,76.649,76.804,76.961,77.121,..,..
"Life expectancy at birth, female (years)",SP.DYN.LE00.FE.IN,Maldives,MDV,60.998,70.996,76.609,76.913,77.125,77.272,77.387,77.498,77.627,77.788,..,..
"Life expectancy at birth, female (years)",SP.DYN.LE00.FE.IN,Mali,MLI,46.351,48.584,53.992,54.737,55.384,55.936,56.416,56.864,57.317,57.786,..,..
"Life expectancy at birth, female (years)",SP.DYN.LE00.FE.IN,Malta,MLT,77.621,80.3,82.2,82.3,82.7,83.6,83,83,84,84,..,..
"Life expectancy at birth, female (years)",SP.DYN.LE00.FE.IN,Marshall Islands,MHL,..,67.8,..,..,..,..,..,..,..,..,..,..
"Life expectancy at birth, female (years)",SP.DYN.LE00.FE.IN,Mauritania,MRT,59.69,61.66,62.747,63.004,63.276,63.553,63.826,64.086,64.327,64.546,..,..
"Life expectancy at birth, female (years)",SP.DYN.LE00.FE.IN,Mauritius,MUS,73.4,75.3,76.11,76.11,76.56,76.65,76.97,77.5,77.5,77.58,..,..
"Life expectancy at birth, female (years)",SP.DYN.LE00.FE.IN,Mexico,MEX,73.831,76.768,78.069,78.212,78.359,78.514,78.678,78.849,79.025,79.206,..,..
"Life expectancy at birth, female (years)",SP.DYN.LE00.FE.IN,"Micronesia, Fed. Sts.",FSM,66.761,67.874,68.998,69.167,69.328,69.483,69.634,69.787,69.944,70.106,..,..
"Life expectancy at birth, female (years)",SP.DYN.LE00.FE.IN,Moldova,MDA,71.008,70.963,72.183,72.619,73.163,73.772,74.383,74.931,75.37,75.682,..,..
"Life expectancy at birth, female (years)",SP.DYN.LE00.FE.IN,Monaco,MCO,..,..,..,..,..,..,..,..,..,..,..,..
"Life expectancy at birth, female (years)",SP.DYN.LE00.FE.IN,Mongolia,MNG,62.861,65.88,70.114,70.679,71.264,71.853,72.426,72.96,73.438,73.857,..,..
"Life expectancy at birth, female (years)",SP.DYN.LE00.FE.IN,Montenegro,MNE,77.746,76.036,76.471,76.7,76.984,77.301,77.625,77.928,78.188,78.398,..,..
"Life expectancy at birth, female (years)",SP.DYN.LE00.FE.IN,Morocco,MAR,66.319,70.089,72.574,72.954,73.336,73.714,74.08,74.429,74.757,75.062,..,..
"Life expectancy at birth, female (years)",SP.DYN.LE00.FE.IN,Mozambique,MOZ,44.705,50.509,53.214,53.744,54.297,54.848,55.364,55.824,56.216,56.54,..,..
"Life expectancy at birth, female (years)",SP.DYN.LE00.FE.IN,Myanmar,MMR,60.997,64.199,66.165,66.442,66.72,66.997,67.264,67.516,67.75,67.964,..,..
"Life expectancy at birth, female (years)",SP.DYN.LE00.FE.IN,Namibia,NAM,63.789,57.191,61.54,63.037,64.343,65.387,66.147,66.689,67.079,67.339,..,..
"Life expectancy at birth, female (years)",SP.DYN.LE00.FE.IN,Nauru,NRU,..,..,..,..,..,..,..,..,..,..,..,..
"Life expectancy at birth, female (years)",SP.DYN.LE00.FE.IN,Nepal,NPL,54.836,63.434,67.899,68.416,68.909,69.379,69.829,70.259,70.671,71.067,..,..
"Life expectancy at birth, female (years)",SP.DYN.LE00.FE.IN,Netherlands,NLD,80.11,80.6,82.3,82.3,82.7,82.7,83.1,83,83.2,83.2,..,..
"Life expectancy at birth, female (years)",SP.DYN.LE00.FE.IN,New Caledonia,NCL,73.2,78.8,80.3,80.4,80.5,80.7,79.8,80.4,80.6,80.8,..,..
"Life expectancy at birth, female (years)",SP.DYN.LE00.FE.IN,New Zealand,NZL,78.4,81.3,82.2,82.4,82.7,82.7,82.8,83,83.2,83.3,..,..
"Life expectancy at birth, female (years)",SP.DYN.LE00.FE.IN,Nicaragua,NIC,67.138,72.469,75.694,76.051,76.393,76.722,77.039,77.343,77.633,77.912,..,..
"Life expectancy at birth, female (years)",SP.DYN.LE00.FE.IN,Niger,NER,44.216,50.658,55.538,56.535,57.62,58.742,59.832,60.827,61.683,62.383,..,..
"Life expectancy at birth, female (years)",SP.DYN.LE00.FE.IN,Nigeria,NGA,47.191,47.191,50.117,50.654,51.16,51.623,52.04,52.42,52.772,53.1,..,..
"Life expectancy at birth, female (years)",SP.DYN.LE00.FE.IN,Northern Mariana Islands,MNP,..,..,..,..,..,..,..,..,..,..,..,..
"Life expectancy at birth, female (years)",SP.DYN.LE00.FE.IN,Norway,NOR,79.8,81.4,82.7,83,83.1,83.2,83.6,83.5,83.8,83.8,..,..
"Life expectancy at birth, female (years)",SP.DYN.LE00.FE.IN,Oman,OMN,69.232,74.453,77.324,77.656,77.963,78.245,78.506,78.75,78.981,79.202,..,..
"Life expectancy at birth, female (years)",SP.DYN.LE00.FE.IN,Pakistan,PAK,60.837,63.606,65.274,65.537,65.817,66.105,66.392,66.667,66.922,67.155,..,..
"Life expectancy at birth, female (years)",SP.DYN.LE00.FE.IN,Palau,PLW,74.98,74.54,..,..,..,..,..,..,..,..,..,..
"Life expectancy at birth, female (years)",SP.DYN.LE00.FE.IN,Panama,PAN,76.018,77.686,79.298,79.535,79.766,79.987,80.194,80.385,80.56,80.718,..,..
"Life expectancy at birth, female (years)",SP.DYN.LE00.FE.IN,Papua New Guinea,PNG,58.53,61.013,63.436,63.714,63.948,64.144,64.31,64.467,64.626,64.794,..,..
"Life expectancy at birth, female (years)",SP.DYN.LE00.FE.IN,Paraguay,PRY,70.318,72.314,73.844,74.048,74.252,74.452,74.642,74.817,74.976,75.118,..,..
"Life expectancy at birth, female (years)",SP.DYN.LE00.FE.IN,Peru,PER,67.969,73.177,75.75,75.975,76.181,76.378,76.576,76.781,76.999,77.233,..,..
"Life expectancy at birth, female (years)",SP.DYN.LE00.FE.IN,Philippines,PHL,68.078,69.806,70.817,70.95,71.081,71.214,71.349,71.49,71.636,71.788,..,..
"Life expectancy at birth, female (years)",SP.DYN.LE00.FE.IN,Poland,POL,75.5,78,79.7,80,80.1,80.6,81.1,81.1,81.2,81.3,..,..
"Life expectancy at birth, female (years)",SP.DYN.LE00.FE.IN,Portugal,PRT,77.5,79.9,81.6,81.7,81.8,82.1,83.8,83.6,84,84,..,..
"Life expectancy at birth, female (years)",SP.DYN.LE00.FE.IN,Puerto Rico,PRI,78.698,80.92,82.59,81.982,82.237,82.501,82.761,83.003,83.215,83.397,..,..
"Life expectancy at birth, female (years)",SP.DYN.LE00.FE.IN,Qatar,QAT,76.163,77.713,78.658,78.824,79.003,79.19,79.38,79.565,79.742,79.907,..,..
"Life expectancy at birth, female (years)",SP.DYN.LE00.FE.IN,Romania,ROM,73.05,74.8,76.1,76.1,77.1,77.3,78.2,78.1,78.7,78.7,..,..
"Life expectancy at birth, female (years)",SP.DYN.LE00.FE.IN,Russian Federation,RUS,74.26,72,73.9,74.2,74.7,74.9,75.6,76,76,76,..,..
"Life expectancy at birth, female (years)",SP.DYN.LE00.FE.IN,Rwanda,RWA,36.105,53.763,62.545,63.669,64.583,65.296,65.836,66.27,66.657,67.025,..,..
"Life expectancy at birth, female (years)",SP.DYN.LE00.FE.IN,Samoa,WSM,68.425,72.792,74.783,75.066,75.357,75.651,75.945,76.233,76.51,76.774,..,..
"Life expectancy at birth, female (years)",SP.DYN.LE00.FE.IN,San Marino,SMR,..,84,85.4,85.7,85.9127272727273,86.1254545454546,86.3381818181819,..,..,..,..,..
"Life expectancy at birth, female (years)",SP.DYN.LE00.FE.IN,Sao Tome and Principe,STP,63.643,65.139,67.12,67.402,67.642,67.842,68.008,68.154,68.296,68.438,..,..
"Life expectancy at birth, female (years)",SP.DYN.LE00.FE.IN,Saudi Arabia,SAU,70.951,74.218,74.665,74.758,74.876,75.02,75.184,75.359,75.537,75.714,..,..
"Life expectancy at birth, female (years)",SP.DYN.LE00.FE.IN,Senegal,SEN,58.817,59.391,63.289,64.065,64.871,65.676,66.444,67.151,67.779,68.322,..,..
"Life expectancy at birth, female (years)",SP.DYN.LE00.FE.IN,Serbia,SRB,..,74.4,76.5,76.6,76.7,77,77.2,77.5,77.9,78.3,..,..
"Life expectancy at birth, female (years)",SP.DYN.LE00.FE.IN,Seychelles,SYC,..,..,77.7,78.9,77.9,77.5,78,79.4,76.5,78.3,..,..
"Life expectancy at birth, female (years)",SP.DYN.LE00.FE.IN,Sierra Leone,SLE,37.861,39.755,46.418,47.262,48.097,48.903,49.655,50.333,50.925,51.434,..,..
"Life expectancy at birth, female (years)",SP.DYN.LE00.FE.IN,Singapore,SGP,77.6,80,82.9,83.3,83.7,84,84.1,84.3,84.5,84.9,..,..
"Life expectancy at birth, female (years)",SP.DYN.LE00.FE.IN,Sint Maarten (Dutch part),SXM,..,..,76.9,77.2,78.2,..,..,77.1,..,..,..,..
"Life expectancy at birth, female (years)",SP.DYN.LE00.FE.IN,Slovak Republic,SVK,75.44,77.2,78.1,78.7,78.7,78.8,79.8,79.9,80.1,80.3,..,..
"Life expectancy at birth, female (years)",SP.DYN.LE00.FE.IN,Slovenia,SVN,77.2,79.1,82.3,82.3,82.3,82.7,83.3,83.3,83.6,83.9,..,..
"Life expectancy at birth, female (years)",SP.DYN.LE00.FE.IN,Solomon Islands,SLB,57.072,64.108,67.703,67.959,68.203,68.445,68.689,68.931,69.171,69.409,..,..
"Life expectancy at birth, female (years)",SP.DYN.LE00.FE.IN,Somalia,SOM,46.95,52.484,54.629,54.971,55.313,55.655,55.997,56.339,56.681,57.022,..,..
"Life expectancy at birth, female (years)",SP.DYN.LE00.FE.IN,South Africa,ZAF,65.939,58.047,53.34,54.084,55.059,56.144,57.2,58.122,58.833,59.298,..,..
"Life expectancy at birth, female (years)",SP.DYN.LE00.FE.IN,South Sudan,SSD,44.957,50.476,53.123,53.609,54.124,54.656,55.192,55.714,56.212,56.681,..,..
"Life expectancy at birth, female (years)",SP.DYN.LE00.FE.IN,Spain,ESP,80.51,82.5,84.1,84.3,84.6,84.7,85.6,85.5,86.1,86.1,..,..
"Life expectancy at birth, female (years)",SP.DYN.LE00.FE.IN,Sri Lanka,LKA,73.229,74.912,77.885,77.883,77.88,77.899,77.95,78.028,78.126,78.247,..,..
"Life expectancy at birth, female (years)",SP.DYN.LE00.FE.IN,St. Kitts and Nevis,KNA,..,..,..,..,..,..,..,..,..,..,..,..
"Life expectancy at birth, female (years)",SP.DYN.LE00.FE.IN,St. Lucia,LCA,73.488,73.332,76.28,76.674,76.994,77.239,77.42,77.565,77.697,77.825,..,..
"Life expectancy at birth, female (years)",SP.DYN.LE00.FE.IN,St. Martin (French part),MAF,77.8,80.3,81.5,81.7,81.9,82,82.2,82.3,82.5,82.6,..,..
"Life expectancy at birth, female (years)",SP.DYN.LE00.FE.IN,St. Vincent and the Grenadines,VCT,72.359,73.034,73.908,74.085,74.268,74.451,74.629,74.799,74.958,75.106,..,..
"Life expectancy at birth, female (years)",SP.DYN.LE00.FE.IN,Sudan,SDN,57.049,59.887,62.491,62.889,63.287,63.677,64.05,64.399,64.719,65.011,..,..
"Life expectancy at birth, female (years)",SP.DYN.LE00.FE.IN,Suriname,SUR,70.951,71.471,72.92,73.197,73.457,73.692,73.901,74.09,74.266,74.43,..,..
"Life expectancy at birth, female (years)",SP.DYN.LE00.FE.IN,Swaziland,SWZ,60.975,49.228,46.525,47.038,47.525,47.915,48.162,48.278,48.29,48.211,..,..
"Life expectancy at birth, female (years)",SP.DYN.LE00.FE.IN,Sweden,SWE,80.4,82,83,83.2,83.4,83.5,83.8,83.6,83.8,83.8,..,..
"Life expectancy at birth, female (years)",SP.DYN.LE00.FE.IN,Switzerland,CHE,80.71,82.6,84.2,84.4,84.4,84.5,85,84.9,85,85,..,..
"Life expectancy at birth, female (years)",SP.DYN.LE00.FE.IN,Syrian Arab Republic,SYR,71.229,74.919,77.099,77.105,77.009,76.846,76.667,76.523,76.453,76.475,..,..
"Life expectancy at birth, female (years)",SP.DYN.LE00.FE.IN,Tajikistan,TJK,66.087,67.673,70.715,71.176,71.613,72.012,72.366,72.675,72.942,73.169,..,..
"Life expectancy at birth, female (years)",SP.DYN.LE00.FE.IN,Tanzania,TZA,51.487,51.06,58.759,60.125,61.475,62.755,63.909,64.911,65.748,66.418,..,..
"Life expectancy at birth, female (years)",SP.DYN.LE00.FE.IN,Thailand,THA,73.439,74.516,76.363,76.656,76.917,77.144,77.341,77.52,77.694,77.865,..,..
"Life expectancy at birth, female (years)",SP.DYN.LE00.FE.IN,Timor-Leste,TMP,50.113,60.608,67.181,67.83,68.367,68.804,69.163,69.474,69.768,70.059,..,..
"Life expectancy at birth, female (years)",SP.DYN.LE00.FE.IN,Togo,TGO,57.132,54.301,56.129,56.682,57.298,57.951,58.612,59.253,59.852,60.399,..,..
"Life expectancy at birth, female (years)",SP.DYN.LE00.FE.IN,Tonga,TON,71.123,72.8,74.593,74.794,74.982,75.16,75.328,75.491,75.65,75.808,..,..
"Life expectancy at birth, female (years)",SP.DYN.LE00.FE.IN,Trinidad and Tobago,TTO,70.946,72.379,72.928,73.065,73.219,73.386,73.558,73.726,73.884,74.029,..,..
"Life expectancy at birth, female (years)",SP.DYN.LE00.FE.IN,Tunisia,TUN,72.1,74.7,76.2,76.3,76.5,76.6,76.7,76.3,76.4,76.5,..,..
"Life expectancy at birth, female (years)",SP.DYN.LE00.FE.IN,Turkey,TUR,68.027,73.786,76.723,77.039,77.322,77.58,77.818,78.047,78.273,78.502,..,..
"Life expectancy at birth, female (years)",SP.DYN.LE00.FE.IN,Turkmenistan,TKM,66.469,67.898,68.867,69.016,69.166,69.316,69.466,69.613,69.759,69.902,..,..
"Life expectancy at birth, female (years)",SP.DYN.LE00.FE.IN,Turks and Caicos Islands,TCA,..,..,..,..,..,..,..,..,..,..,..,..
"Life expectancy at birth, female (years)",SP.DYN.LE00.FE.IN,Tuvalu,TUV,..,..,..,..,..,..,..,..,..,..,..,..
"Life expectancy at birth, female (years)",SP.DYN.LE00.FE.IN,Uganda,UGA,47.25,47.555,54.593,55.471,56.291,57.069,57.839,58.625,59.44,60.276,..,..
"Life expectancy at birth, female (years)",SP.DYN.LE00.FE.IN,Ukraine,UKR,74.9,73.55,74.22,74.28,74.86,75.5,75.88,76.02,76.22,76.37,..,..
"Life expectancy at birth, female (years)",SP.DYN.LE00.FE.IN,United Arab Emirates,ARE,72.995,75.584,77.238,77.431,77.617,77.799,77.977,78.152,78.324,78.495,..,..
"Life expectancy at birth, female (years)",SP.DYN.LE00.FE.IN,United Kingdom,GBR,78.8,80.2,81.6,81.7,82.1,82.4,83,82.8,82.9,82.9,..,..
"Life expectancy at birth, female (years)",SP.DYN.LE00.FE.IN,United States,USA,78.8,79.3,80.6,80.6,80.9,81,81.1,81.2,81.3,81.4,..,..
"Life expectancy at birth, female (years)",SP.DYN.LE00.FE.IN,Uruguay,URY,76.381,78.488,79.646,79.794,79.941,80.086,80.229,80.368,80.503,80.634,..,..
"Life expectancy at birth, female (years)",SP.DYN.LE00.FE.IN,Uzbekistan,UZB,69.953,70.268,70.903,71.007,71.123,71.251,71.387,71.526,71.666,71.803,..,..
"Life expectancy at birth, female (years)",SP.DYN.LE00.FE.IN,Vanuatu,VUT,64.673,69.319,71.913,72.239,72.558,72.868,73.169,73.459,73.738,74.005,..,..
"Life expectancy at birth, female (years)",SP.DYN.LE00.FE.IN,"Venezuela, RB",VEN,72.68,76.394,77.677,77.75,77.831,77.93,78.048,78.179,78.32,78.47,..,..
"Life expectancy at birth, female (years)",SP.DYN.LE00.FE.IN,Vietnam,VNM,75.072,78.122,79.572,79.731,79.879,80.015,80.142,80.259,80.37,80.475,..,..
"Life expectancy at birth, female (years)",SP.DYN.LE00.FE.IN,Virgin Islands (U.S.),VIR,78.736,80,82,82.1,82.3,82.4,82.6,82.7,82.8,83,..,..
"Life expectancy at birth, female (years)",SP.DYN.LE00.FE.IN,West Bank and Gaza,WBG,69.633,72.464,73.719,73.892,74.063,74.234,74.406,74.581,74.759,74.94,..,..
"Life expectancy at birth, female (years)",SP.DYN.LE00.FE.IN,"Yemen, Rep.",YEM,59.31,61.89,63.307,63.561,63.836,64.124,64.417,64.701,64.969,65.217,..,..
"Life expectancy at birth, female (years)",SP.DYN.LE00.FE.IN,Zambia,ZMB,46.33,44.121,53.227,54.782,56.236,57.566,58.779,59.904,60.965,61.956,..,..
"Life expectancy at birth, female (years)",SP.DYN.LE00.FE.IN,Zimbabwe,ZWE,61.176,41.188,44.041,45.889,47.954,50.156,52.425,54.69,56.872,58.892,..,..
,,,,,,,,,,,,,,,
,,,,,,,,,,,,,,,
,,,,,,,,,,,,,,,
Data from database: World Development Indicators,,,,,,,,,,,,,,,
Last Updated: 10/14/2016,,,,,,,,,,,,,,,
